
8/1/85,8/19/18,978581,yBbYvNKD,vsprintf@live.com,overvaluehappiness,Caldwell,Jasmine,55,VIP
12/5/90,10/29/19,723800,F5TwzwjD,parasite@gmail.com,ringwormstrongman,Woods,Melissa,40,VIP
8/31/94,3/19/20,294453,qrybXqUZ,matloff@mac.com,ajarupstairs,Morgan,Marie,37,VIP
10/25/90,10/3/19,20444,jGX7tNgA,torgox@verizon.net,volumniagrip,Porter,Christina,34,VIP
DAN@gmail.com,May 13 2020,65,Dan,Name: Dan,2020-05-12,2020-05-12LastName,2020-05-12FirstName,30,OU
2006-05-03,May 13 2020,25,testing,johnsmith@gmail.com,johnsmith,johnsmithLastName,johnsmithFirstName,30,OU
DAN@gmail.com,May 13 2020,74,Dan,Name: Dan,2020-05-12,2020-05-12LastName,2020-05-12FirstName,30,OU
4/23/90,1/5/19,489889,XCSaM76Q,nelson@outlook.com,scoringironclad,Hubbard,Madeleine,28,OU
9/24/02,10/12/20,687826,root,asddf@gmail.com,Demo5,Morgan3,Jack3,25,OU
9/24/02,10/12/20,682826,root,asddsf@gmail.com,Demo4,Morgan3,Jack3,25,OU
9/24/02,10/12/20,683826,root,aas@gmail.com,Demo3,Morgan3,Jack3,25,OU
9/24/02,10/12/20,689526,root,aa@gmail.com,Demo2,Morgan3,Jack3,25,OU
9/24/02,10/12/20,689826,123,administratorVIPgmail.com,Demo1,Morgan3,Jack3,25,OU
9/24/02,10/12/20,689826,root,adminVIP@gmail.com,JackVIP,Morgan3,Jack3,25,VIP
9/24/02,10/12/20,489889,root,adminOU@gmail.com,JackOU,Morgan2,Jack2,25,OU
9/24/02,10/12/20,119826,root,adminSU@gmail.com,JackSU,Morgan1,Jack1,25,SU
9/24/02,10/12/20,119826,PqXZLgP5,hahsler@msn.com,brogaigneighborly,Carpenter,Freya,25,OU
7/11/86,12/3/18,129349,ZEzjShwR,hikoza@optonline.net,anodisinggoatskin,Stuart,Phoebe,24,OU
8/31/87,12/13/18,513589,P56CPLLb,syncnine@outlook.com,cityyet,Ferguson,Aysha,20,OU
11/24/94,8/9/20,129213,k9jn6MrV,jespley@gmail.com,drinkinginstagram,Lawson,Tamara,17,OU
2/27/85,7/14/18,149874,MpxyBJmH,jkegl@outlook.com,hydrusdenote,Oliver,Helen,13,OU